,CandleTime,TriggeredChecker,TakenAction
0,2023-06-01 00:00:00+00:00,start_time_checker,SKIP
1,2023-06-01 00:15:00+00:00,start_time_checker,SKIP
2,2023-06-01 00:30:00+00:00,start_time_checker,SKIP
3,2023-06-01 00:45:00+00:00,start_time_checker,SKIP
4,2023-06-01 01:00:00+00:00,start_time_checker,SKIP
5,2023-06-01 01:15:00+00:00,start_time_checker,SKIP
6,2023-06-01 01:30:00+00:00,start_time_checker,SKIP
7,2023-06-01 01:45:00+00:00,start_time_checker,SKIP
8,2023-06-01 02:00:00+00:00,start_time_checker,SKIP
9,2023-06-01 02:15:00+00:00,start_time_checker,SKIP
10,2023-06-01 02:30:00+00:00,start_time_checker,SKIP
11,2023-06-01 02:45:00+00:00,start_time_checker,SKIP
12,2023-06-01 03:00:00+00:00,start_time_checker,SKIP
13,2023-06-01 03:15:00+00:00,start_time_checker,SKIP
14,2023-06-01 03:30:00+00:00,start_time_checker,SKIP
15,2023-06-01 03:45:00+00:00,start_time_checker,SKIP
16,2023-06-01 04:00:00+00:00,start_time_checker,SKIP
17,2023-06-01 04:15:00+00:00,start_time_checker,SKIP
18,2023-06-01 04:30:00+00:00,start_time_checker,SKIP
19,2023-06-01 04:45:00+00:00,start_time_checker,SKIP
20,2023-06-01 05:00:00+00:00,start_time_checker,SKIP
21,2023-06-01 05:15:00+00:00,start_time_checker,SKIP
22,2023-06-01 05:30:00+00:00,start_time_checker,SKIP
23,2023-06-01 05:45:00+00:00,start_time_checker,SKIP
24,2023-06-01 06:00:00+00:00,,
25,2023-06-01 06:15:00+00:00,,
26,2023-06-01 06:30:00+00:00,,
27,2023-06-01 06:45:00+00:00,,
28,2023-06-01 07:00:00+00:00,,
29,2023-06-01 07:15:00+00:00,,
30,2023-06-01 07:30:00+00:00,,
31,2023-06-01 07:45:00+00:00,,
32,2023-06-01 08:00:00+00:00,,
33,2023-06-01 08:15:00+00:00,,
34,2023-06-01 08:30:00+00:00,,
35,2023-06-01 08:45:00+00:00,,
36,2023-06-01 09:00:00+00:00,,
37,2023-06-01 09:15:00+00:00,,
38,2023-06-01 09:30:00+00:00,,
39,2023-06-01 09:45:00+00:00,,
40,2023-06-01 10:00:00+00:00,,
41,2023-06-01 10:15:00+00:00,,
42,2023-06-01 10:30:00+00:00,,
43,2023-06-01 10:45:00+00:00,,
44,2023-06-01 11:00:00+00:00,,
45,2023-06-01 11:15:00+00:00,,
46,2023-06-01 11:30:00+00:00,,
47,2023-06-01 11:45:00+00:00,,
48,2023-06-01 12:00:00+00:00,,
49,2023-06-01 12:15:00+00:00,,
50,2023-06-01 12:30:00+00:00,,
51,2023-06-01 12:45:00+00:00,,
52,2023-06-01 13:00:00+00:00,,
53,2023-06-01 13:15:00+00:00,,
54,2023-06-01 13:30:00+00:00,,
55,2023-06-01 13:45:00+00:00,,
56,2023-06-01 14:00:00+00:00,,
57,2023-06-01 14:15:00+00:00,,
58,2023-06-01 14:30:00+00:00,,
59,2023-06-01 14:45:00+00:00,,
60,2023-06-01 15:00:00+00:00,,
61,2023-06-01 15:15:00+00:00,,
62,2023-06-01 15:30:00+00:00,,
63,2023-06-01 15:45:00+00:00,,
64,2023-06-01 16:00:00+00:00,,
65,2023-06-01 16:15:00+00:00,,
66,2023-06-01 16:30:00+00:00,,
67,2023-06-01 16:45:00+00:00,,
68,2023-06-01 17:00:00+00:00,,
69,2023-06-01 17:15:00+00:00,,
70,2023-06-01 17:30:00+00:00,,
71,2023-06-01 17:45:00+00:00,,
72,2023-06-01 18:00:00+00:00,,
73,2023-06-01 18:15:00+00:00,,
74,2023-06-01 18:30:00+00:00,,
75,2023-06-01 18:45:00+00:00,,
76,2023-06-01 19:00:00+00:00,,
77,2023-06-01 19:15:00+00:00,,
78,2023-06-01 19:30:00+00:00,,
79,2023-06-01 19:45:00+00:00,,
80,2023-06-01 20:00:00+00:00,,
81,2023-06-01 20:15:00+00:00,,
82,2023-06-01 20:30:00+00:00,,
83,2023-06-01 20:45:00+00:00,,
84,2023-06-01 21:00:00+00:00,,
85,2023-06-01 22:00:00+00:00,no_more_trades_time_checker,SKIP
86,2023-06-01 22:15:00+00:00,no_more_trades_time_checker,SKIP
87,2023-06-01 22:30:00+00:00,no_more_trades_time_checker,SKIP
88,2023-06-01 22:45:00+00:00,no_more_trades_time_checker,SKIP
89,2023-06-01 23:00:00+00:00,no_more_trades_time_checker,SKIP
90,2023-06-01 23:15:00+00:00,no_more_trades_time_checker,SKIP
91,2023-06-01 23:30:00+00:00,no_more_trades_time_checker,SKIP
92,2023-06-01 23:45:00+00:00,no_more_trades_time_checker,SKIP
93,2023-06-02 00:00:00+00:00,start_time_checker,SKIP
94,2023-06-02 00:15:00+00:00,start_time_checker,SKIP
95,2023-06-02 00:30:00+00:00,start_time_checker,SKIP
96,2023-06-02 00:45:00+00:00,start_time_checker,SKIP
97,2023-06-02 01:00:00+00:00,start_time_checker,SKIP
98,2023-06-02 01:15:00+00:00,start_time_checker,SKIP
99,2023-06-02 01:30:00+00:00,start_time_checker,SKIP
100,2023-06-02 01:45:00+00:00,start_time_checker,SKIP
101,2023-06-02 02:00:00+00:00,start_time_checker,SKIP
102,2023-06-02 02:15:00+00:00,start_time_checker,SKIP
103,2023-06-02 02:30:00+00:00,start_time_checker,SKIP
104,2023-06-02 02:45:00+00:00,start_time_checker,SKIP
105,2023-06-02 03:00:00+00:00,start_time_checker,SKIP
106,2023-06-02 03:15:00+00:00,start_time_checker,SKIP
107,2023-06-02 03:30:00+00:00,start_time_checker,SKIP
108,2023-06-02 03:45:00+00:00,start_time_checker,SKIP
109,2023-06-02 04:00:00+00:00,start_time_checker,SKIP
110,2023-06-02 04:15:00+00:00,start_time_checker,SKIP
111,2023-06-02 04:30:00+00:00,start_time_checker,SKIP
112,2023-06-02 04:45:00+00:00,start_time_checker,SKIP
113,2023-06-02 05:00:00+00:00,start_time_checker,SKIP
114,2023-06-02 05:15:00+00:00,start_time_checker,SKIP
115,2023-06-02 05:30:00+00:00,start_time_checker,SKIP
116,2023-06-02 05:45:00+00:00,start_time_checker,SKIP
117,2023-06-02 06:00:00+00:00,to_sell_order_1_checker,SELL 1%
118,2023-06-02 06:15:00+00:00,,
119,2023-06-02 06:30:00+00:00,,
120,2023-06-02 06:45:00+00:00,,
121,2023-06-02 07:00:00+00:00,,
122,2023-06-02 07:15:00+00:00,,
123,2023-06-02 07:30:00+00:00,,
124,2023-06-02 07:45:00+00:00,,
125,2023-06-02 08:00:00+00:00,,
126,2023-06-02 08:15:00+00:00,,
127,2023-06-02 08:30:00+00:00,,
128,2023-06-02 08:45:00+00:00,,
129,2023-06-02 09:00:00+00:00,,
130,2023-06-02 09:15:00+00:00,,
131,2023-06-02 09:30:00+00:00,,
132,2023-06-02 09:45:00+00:00,,
133,2023-06-02 10:00:00+00:00,,
134,2023-06-02 10:15:00+00:00,,
135,2023-06-02 10:30:00+00:00,,
136,2023-06-02 10:45:00+00:00,,
137,2023-06-02 11:00:00+00:00,,
138,2023-06-02 11:15:00+00:00,,
139,2023-06-02 11:30:00+00:00,,
140,2023-06-02 11:45:00+00:00,,
141,2023-06-02 12:00:00+00:00,,
142,2023-06-02 12:15:00+00:00,,
143,2023-06-02 12:30:00+00:00,,
144,2023-06-02 12:45:00+00:00,,
145,2023-06-02 13:00:00+00:00,,
146,2023-06-02 13:15:00+00:00,,
147,2023-06-02 13:30:00+00:00,,
148,2023-06-02 13:45:00+00:00,,
149,2023-06-02 14:00:00+00:00,,
150,2023-06-02 14:15:00+00:00,,
151,2023-06-02 14:30:00+00:00,,
152,2023-06-02 14:45:00+00:00,,
153,2023-06-02 15:00:00+00:00,,
154,2023-06-02 15:15:00+00:00,,
155,2023-06-02 15:30:00+00:00,,
156,2023-06-02 15:45:00+00:00,,
157,2023-06-02 16:00:00+00:00,,
158,2023-06-02 16:15:00+00:00,,
159,2023-06-02 16:30:00+00:00,,
160,2023-06-02 16:45:00+00:00,,
161,2023-06-02 17:00:00+00:00,,
162,2023-06-02 17:15:00+00:00,,
163,2023-06-02 17:30:00+00:00,,
164,2023-06-02 17:45:00+00:00,,
165,2023-06-02 18:00:00+00:00,,
166,2023-06-02 18:15:00+00:00,,
167,2023-06-02 18:30:00+00:00,,
168,2023-06-02 18:45:00+00:00,,
169,2023-06-02 19:00:00+00:00,,
170,2023-06-02 19:15:00+00:00,,
171,2023-06-02 19:30:00+00:00,,
172,2023-06-02 19:45:00+00:00,,
173,2023-06-02 20:00:00+00:00,,
174,2023-06-02 20:15:00+00:00,,
175,2023-06-02 20:30:00+00:00,,
176,2023-06-02 20:45:00+00:00,,
177,2023-06-02 21:00:00+00:00,,
178,2023-06-04 19:00:00+00:00,,
179,2023-06-04 20:00:00+00:00,,
180,2023-06-04 21:00:00+00:00,,
181,2023-06-04 22:00:00+00:00,,
182,2023-06-04 22:15:00+00:00,,
183,2023-06-04 22:30:00+00:00,,
184,2023-06-04 22:45:00+00:00,,
185,2023-06-04 23:00:00+00:00,end_time_checker,CLOSE 100%
186,2023-06-04 23:15:00+00:00,no_more_trades_time_checker,SKIP
187,2023-06-04 23:30:00+00:00,no_more_trades_time_checker,SKIP
188,2023-06-04 23:45:00+00:00,no_more_trades_time_checker,SKIP
189,2023-06-05 00:00:00+00:00,start_time_checker,SKIP
190,2023-06-05 00:15:00+00:00,start_time_checker,SKIP
191,2023-06-05 00:30:00+00:00,start_time_checker,SKIP
192,2023-06-05 00:45:00+00:00,start_time_checker,SKIP
193,2023-06-05 01:00:00+00:00,start_time_checker,SKIP
194,2023-06-05 01:15:00+00:00,start_time_checker,SKIP
195,2023-06-05 01:30:00+00:00,start_time_checker,SKIP
196,2023-06-05 01:45:00+00:00,start_time_checker,SKIP
197,2023-06-05 02:00:00+00:00,start_time_checker,SKIP
198,2023-06-05 02:15:00+00:00,start_time_checker,SKIP
199,2023-06-05 02:30:00+00:00,start_time_checker,SKIP
200,2023-06-05 02:45:00+00:00,start_time_checker,SKIP
201,2023-06-05 03:00:00+00:00,start_time_checker,SKIP
202,2023-06-05 03:15:00+00:00,start_time_checker,SKIP
203,2023-06-05 03:30:00+00:00,start_time_checker,SKIP
204,2023-06-05 03:45:00+00:00,start_time_checker,SKIP
205,2023-06-05 04:00:00+00:00,start_time_checker,SKIP
206,2023-06-05 04:15:00+00:00,start_time_checker,SKIP
207,2023-06-05 04:30:00+00:00,start_time_checker,SKIP
208,2023-06-05 04:45:00+00:00,start_time_checker,SKIP
209,2023-06-05 05:00:00+00:00,start_time_checker,SKIP
210,2023-06-05 05:15:00+00:00,start_time_checker,SKIP
211,2023-06-05 05:30:00+00:00,start_time_checker,SKIP
212,2023-06-05 05:45:00+00:00,start_time_checker,SKIP
213,2023-06-05 06:00:00+00:00,to_buy_order_1_checker,BUY 1%
214,2023-06-05 06:15:00+00:00,,
215,2023-06-05 06:30:00+00:00,,
216,2023-06-05 06:45:00+00:00,,
217,2023-06-05 07:00:00+00:00,,
218,2023-06-05 07:15:00+00:00,,
219,2023-06-05 07:30:00+00:00,,
220,2023-06-05 07:45:00+00:00,,
221,2023-06-05 08:00:00+00:00,,
222,2023-06-05 08:15:00+00:00,,
223,2023-06-05 08:30:00+00:00,,
224,2023-06-05 08:45:00+00:00,,
225,2023-06-05 09:00:00+00:00,,
226,2023-06-05 09:15:00+00:00,,
227,2023-06-05 09:30:00+00:00,,
228,2023-06-05 09:45:00+00:00,,
229,2023-06-05 10:00:00+00:00,,
230,2023-06-05 10:15:00+00:00,,
231,2023-06-05 10:30:00+00:00,,
232,2023-06-05 10:45:00+00:00,,
233,2023-06-05 11:00:00+00:00,,
234,2023-06-05 11:15:00+00:00,,
235,2023-06-05 11:30:00+00:00,,
236,2023-06-05 11:45:00+00:00,,
237,2023-06-05 12:00:00+00:00,,
238,2023-06-05 12:15:00+00:00,,
239,2023-06-05 12:30:00+00:00,,
240,2023-06-05 12:45:00+00:00,,
241,2023-06-05 13:00:00+00:00,,
242,2023-06-05 13:15:00+00:00,,
243,2023-06-05 13:30:00+00:00,,
244,2023-06-05 13:45:00+00:00,,
245,2023-06-05 14:00:00+00:00,,
246,2023-06-05 14:15:00+00:00,,
247,2023-06-05 14:30:00+00:00,,
248,2023-06-05 14:45:00+00:00,,
249,2023-06-05 15:00:00+00:00,,
250,2023-06-05 15:15:00+00:00,,
251,2023-06-05 15:30:00+00:00,,
252,2023-06-05 15:45:00+00:00,,
253,2023-06-05 16:00:00+00:00,,
254,2023-06-05 16:15:00+00:00,,
255,2023-06-05 16:30:00+00:00,,
256,2023-06-05 16:45:00+00:00,,
257,2023-06-05 17:00:00+00:00,,
258,2023-06-05 17:15:00+00:00,,
259,2023-06-05 17:30:00+00:00,,
260,2023-06-05 17:45:00+00:00,,
261,2023-06-05 18:00:00+00:00,,
262,2023-06-05 18:15:00+00:00,,
263,2023-06-05 18:30:00+00:00,,
264,2023-06-05 18:45:00+00:00,,
265,2023-06-05 19:00:00+00:00,,
266,2023-06-05 19:15:00+00:00,,
267,2023-06-05 19:30:00+00:00,,
268,2023-06-05 19:45:00+00:00,,
269,2023-06-05 20:00:00+00:00,,
270,2023-06-05 20:15:00+00:00,,
271,2023-06-05 20:30:00+00:00,,
272,2023-06-05 20:45:00+00:00,,
273,2023-06-05 21:00:00+00:00,,
274,2023-06-05 22:00:00+00:00,,
275,2023-06-05 22:15:00+00:00,,
276,2023-06-05 22:30:00+00:00,,
277,2023-06-05 22:45:00+00:00,,
278,2023-06-05 23:00:00+00:00,end_time_checker,CLOSE 100%
279,2023-06-05 23:15:00+00:00,no_more_trades_time_checker,SKIP
280,2023-06-05 23:30:00+00:00,no_more_trades_time_checker,SKIP
281,2023-06-05 23:45:00+00:00,no_more_trades_time_checker,SKIP
282,2023-06-06 00:00:00+00:00,start_time_checker,SKIP
283,2023-06-06 00:15:00+00:00,start_time_checker,SKIP
284,2023-06-06 00:30:00+00:00,start_time_checker,SKIP
285,2023-06-06 00:45:00+00:00,start_time_checker,SKIP
286,2023-06-06 01:00:00+00:00,start_time_checker,SKIP
287,2023-06-06 01:15:00+00:00,start_time_checker,SKIP
288,2023-06-06 01:30:00+00:00,start_time_checker,SKIP
289,2023-06-06 01:45:00+00:00,start_time_checker,SKIP
290,2023-06-06 02:00:00+00:00,start_time_checker,SKIP
291,2023-06-06 02:15:00+00:00,start_time_checker,SKIP
292,2023-06-06 02:30:00+00:00,start_time_checker,SKIP
293,2023-06-06 02:45:00+00:00,start_time_checker,SKIP
294,2023-06-06 03:00:00+00:00,start_time_checker,SKIP
295,2023-06-06 03:15:00+00:00,start_time_checker,SKIP
296,2023-06-06 03:30:00+00:00,start_time_checker,SKIP
297,2023-06-06 03:45:00+00:00,start_time_checker,SKIP
298,2023-06-06 04:00:00+00:00,start_time_checker,SKIP
299,2023-06-06 04:15:00+00:00,start_time_checker,SKIP
300,2023-06-06 04:30:00+00:00,start_time_checker,SKIP
301,2023-06-06 04:45:00+00:00,start_time_checker,SKIP
302,2023-06-06 05:00:00+00:00,start_time_checker,SKIP
303,2023-06-06 05:15:00+00:00,start_time_checker,SKIP
304,2023-06-06 05:30:00+00:00,start_time_checker,SKIP
305,2023-06-06 05:45:00+00:00,start_time_checker,SKIP
306,2023-06-06 06:00:00+00:00,,
307,2023-06-06 06:15:00+00:00,,
308,2023-06-06 06:30:00+00:00,,
309,2023-06-06 06:45:00+00:00,,
310,2023-06-06 07:00:00+00:00,,
311,2023-06-06 07:15:00+00:00,,
312,2023-06-06 07:30:00+00:00,,
313,2023-06-06 07:45:00+00:00,,
314,2023-06-06 08:00:00+00:00,,
315,2023-06-06 08:15:00+00:00,,
316,2023-06-06 08:30:00+00:00,,
317,2023-06-06 08:45:00+00:00,,
318,2023-06-06 09:00:00+00:00,to_sell_order_1_checker,SELL 1%
319,2023-06-06 09:15:00+00:00,,
320,2023-06-06 09:30:00+00:00,,
321,2023-06-06 09:45:00+00:00,,
322,2023-06-06 10:00:00+00:00,,
323,2023-06-06 10:15:00+00:00,,
324,2023-06-06 10:30:00+00:00,,
325,2023-06-06 10:45:00+00:00,,
326,2023-06-06 11:00:00+00:00,,
327,2023-06-06 11:15:00+00:00,,
328,2023-06-06 11:30:00+00:00,,
329,2023-06-06 11:45:00+00:00,,
330,2023-06-06 12:00:00+00:00,,
331,2023-06-06 12:15:00+00:00,,
332,2023-06-06 12:30:00+00:00,,
333,2023-06-06 12:45:00+00:00,,
334,2023-06-06 13:00:00+00:00,,
335,2023-06-06 13:15:00+00:00,,
336,2023-06-06 13:30:00+00:00,,
337,2023-06-06 13:45:00+00:00,,
338,2023-06-06 14:00:00+00:00,,
339,2023-06-06 14:15:00+00:00,,
340,2023-06-06 14:30:00+00:00,,
341,2023-06-06 14:45:00+00:00,,
342,2023-06-06 15:00:00+00:00,,
343,2023-06-06 15:15:00+00:00,,
344,2023-06-06 15:30:00+00:00,,
345,2023-06-06 15:45:00+00:00,,
346,2023-06-06 16:00:00+00:00,,
347,2023-06-06 16:15:00+00:00,,
348,2023-06-06 16:30:00+00:00,,
349,2023-06-06 16:45:00+00:00,,
350,2023-06-06 17:00:00+00:00,,
351,2023-06-06 17:15:00+00:00,,
352,2023-06-06 17:30:00+00:00,,
353,2023-06-06 17:45:00+00:00,,
354,2023-06-06 18:00:00+00:00,,
355,2023-06-06 18:15:00+00:00,,
356,2023-06-06 18:30:00+00:00,,
357,2023-06-06 18:45:00+00:00,,
358,2023-06-06 19:00:00+00:00,,
359,2023-06-06 19:15:00+00:00,,
360,2023-06-06 19:30:00+00:00,,
361,2023-06-06 19:45:00+00:00,,
362,2023-06-06 20:00:00+00:00,,
363,2023-06-06 20:15:00+00:00,,
364,2023-06-06 20:30:00+00:00,,
365,2023-06-06 20:45:00+00:00,,
366,2023-06-06 21:00:00+00:00,,
367,2023-06-06 22:00:00+00:00,,
368,2023-06-06 22:15:00+00:00,,
369,2023-06-06 22:30:00+00:00,,
370,2023-06-06 22:45:00+00:00,,
371,2023-06-06 23:00:00+00:00,end_time_checker,CLOSE 100%
372,2023-06-06 23:15:00+00:00,no_more_trades_time_checker,SKIP
373,2023-06-06 23:30:00+00:00,no_more_trades_time_checker,SKIP
374,2023-06-06 23:45:00+00:00,no_more_trades_time_checker,SKIP
375,2023-06-07 00:00:00+00:00,start_time_checker,SKIP
376,2023-06-07 00:15:00+00:00,start_time_checker,SKIP
377,2023-06-07 00:30:00+00:00,start_time_checker,SKIP
378,2023-06-07 00:45:00+00:00,start_time_checker,SKIP
379,2023-06-07 01:00:00+00:00,start_time_checker,SKIP
380,2023-06-07 01:15:00+00:00,start_time_checker,SKIP
381,2023-06-07 01:30:00+00:00,start_time_checker,SKIP
382,2023-06-07 01:45:00+00:00,start_time_checker,SKIP
383,2023-06-07 02:00:00+00:00,start_time_checker,SKIP
384,2023-06-07 02:15:00+00:00,start_time_checker,SKIP
385,2023-06-07 02:30:00+00:00,start_time_checker,SKIP
386,2023-06-07 02:45:00+00:00,start_time_checker,SKIP
387,2023-06-07 03:00:00+00:00,start_time_checker,SKIP
388,2023-06-07 03:15:00+00:00,start_time_checker,SKIP
389,2023-06-07 03:30:00+00:00,start_time_checker,SKIP
390,2023-06-07 03:45:00+00:00,start_time_checker,SKIP
391,2023-06-07 04:00:00+00:00,start_time_checker,SKIP
392,2023-06-07 04:15:00+00:00,start_time_checker,SKIP
393,2023-06-07 04:30:00+00:00,start_time_checker,SKIP
394,2023-06-07 04:45:00+00:00,start_time_checker,SKIP
395,2023-06-07 05:00:00+00:00,start_time_checker,SKIP
396,2023-06-07 05:15:00+00:00,start_time_checker,SKIP
397,2023-06-07 05:30:00+00:00,start_time_checker,SKIP
398,2023-06-07 05:45:00+00:00,start_time_checker,SKIP
399,2023-06-07 06:00:00+00:00,to_sell_order_1_checker,SELL 1%
400,2023-06-07 06:15:00+00:00,,
401,2023-06-07 06:30:00+00:00,,
402,2023-06-07 06:45:00+00:00,,
403,2023-06-07 07:00:00+00:00,,
404,2023-06-07 07:15:00+00:00,,
405,2023-06-07 07:30:00+00:00,,
406,2023-06-07 07:45:00+00:00,,
407,2023-06-07 08:00:00+00:00,,
408,2023-06-07 08:15:00+00:00,,
409,2023-06-07 08:30:00+00:00,,
410,2023-06-07 08:45:00+00:00,,
411,2023-06-07 09:00:00+00:00,,
412,2023-06-07 09:15:00+00:00,,
413,2023-06-07 09:30:00+00:00,,
414,2023-06-07 09:45:00+00:00,,
415,2023-06-07 10:00:00+00:00,,
416,2023-06-07 10:15:00+00:00,,
417,2023-06-07 10:30:00+00:00,,
418,2023-06-07 10:45:00+00:00,,
419,2023-06-07 11:00:00+00:00,,
420,2023-06-07 11:15:00+00:00,,
421,2023-06-07 11:30:00+00:00,,
422,2023-06-07 11:45:00+00:00,,
423,2023-06-07 12:00:00+00:00,,
424,2023-06-07 12:15:00+00:00,,
425,2023-06-07 12:30:00+00:00,,
426,2023-06-07 12:45:00+00:00,,
427,2023-06-07 13:00:00+00:00,,
428,2023-06-07 13:15:00+00:00,,
429,2023-06-07 13:30:00+00:00,,
430,2023-06-07 13:45:00+00:00,,
431,2023-06-07 14:00:00+00:00,,
432,2023-06-07 14:15:00+00:00,,
433,2023-06-07 14:30:00+00:00,,
434,2023-06-07 14:45:00+00:00,,
435,2023-06-07 15:00:00+00:00,,
436,2023-06-07 15:15:00+00:00,,
437,2023-06-07 15:30:00+00:00,,
438,2023-06-07 15:45:00+00:00,,
439,2023-06-07 16:00:00+00:00,,
440,2023-06-07 16:15:00+00:00,,
441,2023-06-07 16:30:00+00:00,,
442,2023-06-07 16:45:00+00:00,,
443,2023-06-07 17:00:00+00:00,,
444,2023-06-07 17:15:00+00:00,,
445,2023-06-07 17:30:00+00:00,,
446,2023-06-07 17:45:00+00:00,,
447,2023-06-07 18:00:00+00:00,,
448,2023-06-07 18:15:00+00:00,,
449,2023-06-07 18:30:00+00:00,,
450,2023-06-07 18:45:00+00:00,,
451,2023-06-07 19:00:00+00:00,,
452,2023-06-07 19:15:00+00:00,,
453,2023-06-07 19:30:00+00:00,,
454,2023-06-07 19:45:00+00:00,,
455,2023-06-07 20:00:00+00:00,,
456,2023-06-07 20:15:00+00:00,,
457,2023-06-07 20:30:00+00:00,,
458,2023-06-07 20:45:00+00:00,,
459,2023-06-07 21:00:00+00:00,,
460,2023-06-07 22:00:00+00:00,,
461,2023-06-07 22:15:00+00:00,,
462,2023-06-07 22:30:00+00:00,,
463,2023-06-07 22:45:00+00:00,,
464,2023-06-07 23:00:00+00:00,end_time_checker,CLOSE 100%
465,2023-06-07 23:15:00+00:00,no_more_trades_time_checker,SKIP
466,2023-06-07 23:30:00+00:00,no_more_trades_time_checker,SKIP
467,2023-06-07 23:45:00+00:00,no_more_trades_time_checker,SKIP
468,2023-06-08 00:00:00+00:00,start_time_checker,SKIP
469,2023-06-08 00:15:00+00:00,start_time_checker,SKIP
470,2023-06-08 00:30:00+00:00,start_time_checker,SKIP
471,2023-06-08 00:45:00+00:00,start_time_checker,SKIP
472,2023-06-08 01:00:00+00:00,start_time_checker,SKIP
473,2023-06-08 01:15:00+00:00,start_time_checker,SKIP
474,2023-06-08 01:30:00+00:00,start_time_checker,SKIP
475,2023-06-08 01:45:00+00:00,start_time_checker,SKIP
476,2023-06-08 02:00:00+00:00,start_time_checker,SKIP
477,2023-06-08 02:15:00+00:00,start_time_checker,SKIP
478,2023-06-08 02:30:00+00:00,start_time_checker,SKIP
479,2023-06-08 02:45:00+00:00,start_time_checker,SKIP
480,2023-06-08 03:00:00+00:00,start_time_checker,SKIP
481,2023-06-08 03:15:00+00:00,start_time_checker,SKIP
482,2023-06-08 03:30:00+00:00,start_time_checker,SKIP
483,2023-06-08 03:45:00+00:00,start_time_checker,SKIP
484,2023-06-08 04:00:00+00:00,start_time_checker,SKIP
485,2023-06-08 04:15:00+00:00,start_time_checker,SKIP
486,2023-06-08 04:30:00+00:00,start_time_checker,SKIP
487,2023-06-08 04:45:00+00:00,start_time_checker,SKIP
488,2023-06-08 05:00:00+00:00,start_time_checker,SKIP
489,2023-06-08 05:15:00+00:00,start_time_checker,SKIP
490,2023-06-08 05:30:00+00:00,start_time_checker,SKIP
491,2023-06-08 05:45:00+00:00,start_time_checker,SKIP
492,2023-06-08 06:00:00+00:00,to_buy_order_1_checker,BUY 1%
493,2023-06-08 06:15:00+00:00,,
494,2023-06-08 06:30:00+00:00,,
495,2023-06-08 06:45:00+00:00,,
496,2023-06-08 07:00:00+00:00,,
497,2023-06-08 07:15:00+00:00,,
498,2023-06-08 07:30:00+00:00,,
499,2023-06-08 07:45:00+00:00,,
500,2023-06-08 08:00:00+00:00,,
501,2023-06-08 08:15:00+00:00,,
502,2023-06-08 08:30:00+00:00,,
503,2023-06-08 08:45:00+00:00,,
504,2023-06-08 09:00:00+00:00,,
505,2023-06-08 09:15:00+00:00,,
506,2023-06-08 09:30:00+00:00,,
507,2023-06-08 09:45:00+00:00,,
508,2023-06-08 10:00:00+00:00,,
509,2023-06-08 10:15:00+00:00,,
510,2023-06-08 10:30:00+00:00,,
511,2023-06-08 10:45:00+00:00,,
512,2023-06-08 11:00:00+00:00,,
513,2023-06-08 11:15:00+00:00,,
514,2023-06-08 11:30:00+00:00,,
515,2023-06-08 11:45:00+00:00,,
516,2023-06-08 12:00:00+00:00,,
517,2023-06-08 12:15:00+00:00,,
518,2023-06-08 12:30:00+00:00,,
519,2023-06-08 12:45:00+00:00,,
520,2023-06-08 13:00:00+00:00,,
521,2023-06-08 13:15:00+00:00,,
522,2023-06-08 13:30:00+00:00,,
523,2023-06-08 13:45:00+00:00,,
524,2023-06-08 14:00:00+00:00,,
525,2023-06-08 14:15:00+00:00,,
526,2023-06-08 14:30:00+00:00,,
527,2023-06-08 14:45:00+00:00,,
528,2023-06-08 15:00:00+00:00,,
529,2023-06-08 15:15:00+00:00,,
530,2023-06-08 15:30:00+00:00,,
531,2023-06-08 15:45:00+00:00,,
532,2023-06-08 16:00:00+00:00,,
533,2023-06-08 16:15:00+00:00,,
534,2023-06-08 16:30:00+00:00,,
535,2023-06-08 16:45:00+00:00,,
536,2023-06-08 17:00:00+00:00,,
537,2023-06-08 17:15:00+00:00,,
538,2023-06-08 17:30:00+00:00,,
539,2023-06-08 17:45:00+00:00,,
540,2023-06-08 18:00:00+00:00,,
541,2023-06-08 18:15:00+00:00,,
542,2023-06-08 18:30:00+00:00,,
543,2023-06-08 18:45:00+00:00,,
544,2023-06-08 19:00:00+00:00,,
545,2023-06-08 19:15:00+00:00,,
546,2023-06-08 19:30:00+00:00,,
547,2023-06-08 19:45:00+00:00,,
548,2023-06-08 20:00:00+00:00,,
549,2023-06-08 20:15:00+00:00,,
550,2023-06-08 20:30:00+00:00,,
551,2023-06-08 20:45:00+00:00,,
552,2023-06-08 21:00:00+00:00,,
553,2023-06-08 22:00:00+00:00,,
554,2023-06-08 22:15:00+00:00,,
555,2023-06-08 22:30:00+00:00,,
556,2023-06-08 22:45:00+00:00,,
557,2023-06-08 23:00:00+00:00,end_time_checker,CLOSE 100%
558,2023-06-08 23:15:00+00:00,no_more_trades_time_checker,SKIP
559,2023-06-08 23:30:00+00:00,no_more_trades_time_checker,SKIP
560,2023-06-08 23:45:00+00:00,no_more_trades_time_checker,SKIP
561,2023-06-09 00:00:00+00:00,start_time_checker,SKIP
562,2023-06-09 00:15:00+00:00,start_time_checker,SKIP
563,2023-06-09 00:30:00+00:00,start_time_checker,SKIP
564,2023-06-09 00:45:00+00:00,start_time_checker,SKIP
565,2023-06-09 01:00:00+00:00,start_time_checker,SKIP
566,2023-06-09 01:15:00+00:00,start_time_checker,SKIP
567,2023-06-09 01:30:00+00:00,start_time_checker,SKIP
568,2023-06-09 01:45:00+00:00,start_time_checker,SKIP
569,2023-06-09 02:00:00+00:00,start_time_checker,SKIP
570,2023-06-09 02:15:00+00:00,start_time_checker,SKIP
571,2023-06-09 02:30:00+00:00,start_time_checker,SKIP
572,2023-06-09 02:45:00+00:00,start_time_checker,SKIP
573,2023-06-09 03:00:00+00:00,start_time_checker,SKIP
574,2023-06-09 03:15:00+00:00,start_time_checker,SKIP
575,2023-06-09 03:30:00+00:00,start_time_checker,SKIP
576,2023-06-09 03:45:00+00:00,start_time_checker,SKIP
577,2023-06-09 04:00:00+00:00,start_time_checker,SKIP
578,2023-06-09 04:15:00+00:00,start_time_checker,SKIP
579,2023-06-09 04:30:00+00:00,start_time_checker,SKIP
580,2023-06-09 04:45:00+00:00,start_time_checker,SKIP
581,2023-06-09 05:00:00+00:00,start_time_checker,SKIP
582,2023-06-09 05:15:00+00:00,start_time_checker,SKIP
583,2023-06-09 05:30:00+00:00,start_time_checker,SKIP
584,2023-06-09 05:45:00+00:00,start_time_checker,SKIP
585,2023-06-09 06:00:00+00:00,,
586,2023-06-09 06:15:00+00:00,,
587,2023-06-09 06:30:00+00:00,,
588,2023-06-09 06:45:00+00:00,,
589,2023-06-09 07:00:00+00:00,,
590,2023-06-09 07:15:00+00:00,,
591,2023-06-09 07:30:00+00:00,,
592,2023-06-09 07:45:00+00:00,,
593,2023-06-09 08:00:00+00:00,,
594,2023-06-09 08:15:00+00:00,,
595,2023-06-09 08:30:00+00:00,,
596,2023-06-09 08:45:00+00:00,,
597,2023-06-09 09:00:00+00:00,,
598,2023-06-09 09:15:00+00:00,,
599,2023-06-09 09:30:00+00:00,,
600,2023-06-09 09:45:00+00:00,,
601,2023-06-09 10:00:00+00:00,,
602,2023-06-09 10:15:00+00:00,,
603,2023-06-09 10:30:00+00:00,,
604,2023-06-09 10:45:00+00:00,,
605,2023-06-09 11:00:00+00:00,,
606,2023-06-09 11:15:00+00:00,,
607,2023-06-09 11:30:00+00:00,,
608,2023-06-09 11:45:00+00:00,,
609,2023-06-09 12:00:00+00:00,to_sell_order_1_checker,SELL 1%
610,2023-06-09 12:15:00+00:00,,
611,2023-06-09 12:30:00+00:00,,
612,2023-06-09 12:45:00+00:00,,
613,2023-06-09 13:00:00+00:00,,
614,2023-06-09 13:15:00+00:00,,
615,2023-06-09 13:30:00+00:00,,
616,2023-06-09 13:45:00+00:00,,
617,2023-06-09 14:00:00+00:00,,
618,2023-06-09 14:15:00+00:00,,
619,2023-06-09 14:30:00+00:00,,
620,2023-06-09 14:45:00+00:00,,
621,2023-06-09 15:00:00+00:00,,
622,2023-06-09 15:15:00+00:00,,
623,2023-06-09 15:30:00+00:00,,
624,2023-06-09 15:45:00+00:00,,
625,2023-06-09 16:00:00+00:00,,
626,2023-06-09 16:15:00+00:00,,
627,2023-06-09 16:30:00+00:00,,
628,2023-06-09 16:45:00+00:00,,
629,2023-06-09 17:00:00+00:00,,
630,2023-06-09 17:15:00+00:00,,
631,2023-06-09 17:30:00+00:00,,
632,2023-06-09 17:45:00+00:00,,
633,2023-06-09 18:00:00+00:00,,
634,2023-06-09 18:15:00+00:00,,
635,2023-06-09 18:30:00+00:00,,
636,2023-06-09 18:45:00+00:00,,
637,2023-06-09 19:15:00+00:00,,
638,2023-06-09 19:30:00+00:00,,
639,2023-06-09 19:45:00+00:00,,
640,2023-06-09 20:15:00+00:00,,
641,2023-06-09 20:30:00+00:00,,
642,2023-06-09 20:45:00+00:00,,
643,2023-06-09 21:00:00+00:00,,
644,2023-06-11 19:00:00+00:00,,
645,2023-06-11 20:00:00+00:00,,
646,2023-06-11 21:00:00+00:00,,
647,2023-06-11 22:00:00+00:00,,
648,2023-06-11 22:15:00+00:00,,
649,2023-06-11 22:30:00+00:00,,
650,2023-06-11 22:45:00+00:00,,
651,2023-06-11 23:00:00+00:00,end_time_checker,CLOSE 100%
652,2023-06-11 23:15:00+00:00,no_more_trades_time_checker,SKIP
653,2023-06-11 23:30:00+00:00,no_more_trades_time_checker,SKIP
654,2023-06-11 23:45:00+00:00,no_more_trades_time_checker,SKIP
655,2023-06-12 00:00:00+00:00,start_time_checker,SKIP
656,2023-06-12 00:15:00+00:00,start_time_checker,SKIP
657,2023-06-12 00:30:00+00:00,start_time_checker,SKIP
658,2023-06-12 00:45:00+00:00,start_time_checker,SKIP
659,2023-06-12 01:00:00+00:00,start_time_checker,SKIP
660,2023-06-12 01:15:00+00:00,start_time_checker,SKIP
661,2023-06-12 01:30:00+00:00,start_time_checker,SKIP
662,2023-06-12 01:45:00+00:00,start_time_checker,SKIP
663,2023-06-12 02:00:00+00:00,start_time_checker,SKIP
664,2023-06-12 02:15:00+00:00,start_time_checker,SKIP
665,2023-06-12 02:30:00+00:00,start_time_checker,SKIP
666,2023-06-12 02:45:00+00:00,start_time_checker,SKIP
667,2023-06-12 03:00:00+00:00,start_time_checker,SKIP
668,2023-06-12 03:15:00+00:00,start_time_checker,SKIP
669,2023-06-12 03:30:00+00:00,start_time_checker,SKIP
670,2023-06-12 03:45:00+00:00,start_time_checker,SKIP
671,2023-06-12 04:00:00+00:00,start_time_checker,SKIP
672,2023-06-12 04:15:00+00:00,start_time_checker,SKIP
673,2023-06-12 04:30:00+00:00,start_time_checker,SKIP
674,2023-06-12 04:45:00+00:00,start_time_checker,SKIP
675,2023-06-12 05:00:00+00:00,start_time_checker,SKIP
676,2023-06-12 05:15:00+00:00,start_time_checker,SKIP
677,2023-06-12 05:30:00+00:00,start_time_checker,SKIP
678,2023-06-12 05:45:00+00:00,start_time_checker,SKIP
679,2023-06-12 06:00:00+00:00,to_buy_order_1_checker,BUY 1%
680,2023-06-12 06:15:00+00:00,,
681,2023-06-12 06:30:00+00:00,,
682,2023-06-12 06:45:00+00:00,,
683,2023-06-12 07:00:00+00:00,,
684,2023-06-12 07:15:00+00:00,,
685,2023-06-12 07:30:00+00:00,,
686,2023-06-12 07:45:00+00:00,,
687,2023-06-12 08:00:00+00:00,,
688,2023-06-12 08:15:00+00:00,,
689,2023-06-12 08:30:00+00:00,,
690,2023-06-12 08:45:00+00:00,,
691,2023-06-12 09:00:00+00:00,,
692,2023-06-12 09:15:00+00:00,,
693,2023-06-12 09:30:00+00:00,,
694,2023-06-12 09:45:00+00:00,,
695,2023-06-12 10:00:00+00:00,,
696,2023-06-12 10:15:00+00:00,,
697,2023-06-12 10:30:00+00:00,,
698,2023-06-12 10:45:00+00:00,,
699,2023-06-12 11:00:00+00:00,,
700,2023-06-12 11:15:00+00:00,,
701,2023-06-12 11:30:00+00:00,,
702,2023-06-12 11:45:00+00:00,,
703,2023-06-12 12:00:00+00:00,,
704,2023-06-12 12:15:00+00:00,,
705,2023-06-12 12:30:00+00:00,,
706,2023-06-12 12:45:00+00:00,,
707,2023-06-12 13:00:00+00:00,,
708,2023-06-12 13:15:00+00:00,,
709,2023-06-12 13:30:00+00:00,,
710,2023-06-12 13:45:00+00:00,,
711,2023-06-12 14:00:00+00:00,,
712,2023-06-12 14:15:00+00:00,,
713,2023-06-12 14:30:00+00:00,,
714,2023-06-12 14:45:00+00:00,,
715,2023-06-12 15:00:00+00:00,,
716,2023-06-12 15:15:00+00:00,,
717,2023-06-12 15:30:00+00:00,,
718,2023-06-12 15:45:00+00:00,,
719,2023-06-12 16:00:00+00:00,,
720,2023-06-12 16:15:00+00:00,,
721,2023-06-12 16:30:00+00:00,,
722,2023-06-12 16:45:00+00:00,,
723,2023-06-12 17:00:00+00:00,,
724,2023-06-12 17:15:00+00:00,,
725,2023-06-12 17:30:00+00:00,,
726,2023-06-12 17:45:00+00:00,,
727,2023-06-12 18:00:00+00:00,,
728,2023-06-12 18:15:00+00:00,,
729,2023-06-12 18:30:00+00:00,,
730,2023-06-12 18:45:00+00:00,,
731,2023-06-12 19:00:00+00:00,,
732,2023-06-12 19:15:00+00:00,,
733,2023-06-12 19:30:00+00:00,,
734,2023-06-12 19:45:00+00:00,,
735,2023-06-12 20:00:00+00:00,,
736,2023-06-12 20:15:00+00:00,,
737,2023-06-12 20:30:00+00:00,,
738,2023-06-12 20:45:00+00:00,,
739,2023-06-12 21:00:00+00:00,,
740,2023-06-12 22:00:00+00:00,,
741,2023-06-12 22:15:00+00:00,,
742,2023-06-12 22:30:00+00:00,,
743,2023-06-12 22:45:00+00:00,,
744,2023-06-12 23:00:00+00:00,end_time_checker,CLOSE 100%
745,2023-06-12 23:15:00+00:00,no_more_trades_time_checker,SKIP
746,2023-06-12 23:30:00+00:00,no_more_trades_time_checker,SKIP
747,2023-06-12 23:45:00+00:00,no_more_trades_time_checker,SKIP
748,2023-06-13 00:00:00+00:00,start_time_checker,SKIP
749,2023-06-13 00:15:00+00:00,start_time_checker,SKIP
750,2023-06-13 00:30:00+00:00,start_time_checker,SKIP
751,2023-06-13 00:45:00+00:00,start_time_checker,SKIP
752,2023-06-13 01:00:00+00:00,start_time_checker,SKIP
753,2023-06-13 01:15:00+00:00,start_time_checker,SKIP
754,2023-06-13 01:30:00+00:00,start_time_checker,SKIP
755,2023-06-13 01:45:00+00:00,start_time_checker,SKIP
756,2023-06-13 02:00:00+00:00,start_time_checker,SKIP
757,2023-06-13 02:15:00+00:00,start_time_checker,SKIP
758,2023-06-13 02:30:00+00:00,start_time_checker,SKIP
759,2023-06-13 02:45:00+00:00,start_time_checker,SKIP
760,2023-06-13 03:00:00+00:00,start_time_checker,SKIP
761,2023-06-13 03:15:00+00:00,start_time_checker,SKIP
762,2023-06-13 03:30:00+00:00,start_time_checker,SKIP
763,2023-06-13 03:45:00+00:00,start_time_checker,SKIP
764,2023-06-13 04:00:00+00:00,start_time_checker,SKIP
765,2023-06-13 04:15:00+00:00,start_time_checker,SKIP
766,2023-06-13 04:30:00+00:00,start_time_checker,SKIP
767,2023-06-13 04:45:00+00:00,start_time_checker,SKIP
768,2023-06-13 05:00:00+00:00,start_time_checker,SKIP
769,2023-06-13 05:15:00+00:00,start_time_checker,SKIP
770,2023-06-13 05:30:00+00:00,start_time_checker,SKIP
771,2023-06-13 05:45:00+00:00,start_time_checker,SKIP
772,2023-06-13 06:00:00+00:00,,
773,2023-06-13 06:15:00+00:00,to_sell_order_1_checker,SELL 1%
774,2023-06-13 06:30:00+00:00,,
775,2023-06-13 06:45:00+00:00,,
776,2023-06-13 07:00:00+00:00,,
777,2023-06-13 07:15:00+00:00,,
778,2023-06-13 07:30:00+00:00,,
779,2023-06-13 07:45:00+00:00,,
780,2023-06-13 08:00:00+00:00,,
781,2023-06-13 08:15:00+00:00,,
782,2023-06-13 08:30:00+00:00,,
783,2023-06-13 08:45:00+00:00,,
784,2023-06-13 09:00:00+00:00,,
785,2023-06-13 09:15:00+00:00,,
786,2023-06-13 09:30:00+00:00,,
787,2023-06-13 09:45:00+00:00,,
788,2023-06-13 10:00:00+00:00,,
789,2023-06-13 10:15:00+00:00,,
790,2023-06-13 10:30:00+00:00,,
791,2023-06-13 10:45:00+00:00,,
792,2023-06-13 11:00:00+00:00,,
793,2023-06-13 11:15:00+00:00,,
794,2023-06-13 11:30:00+00:00,,
795,2023-06-13 11:45:00+00:00,,
796,2023-06-13 12:00:00+00:00,,
797,2023-06-13 12:15:00+00:00,,
798,2023-06-13 12:30:00+00:00,,
799,2023-06-13 12:45:00+00:00,,
800,2023-06-13 13:00:00+00:00,,
801,2023-06-13 13:15:00+00:00,,
802,2023-06-13 13:30:00+00:00,,
803,2023-06-13 13:45:00+00:00,,
804,2023-06-13 14:00:00+00:00,,
805,2023-06-13 14:15:00+00:00,,
806,2023-06-13 14:30:00+00:00,,
807,2023-06-13 14:45:00+00:00,,
808,2023-06-13 15:00:00+00:00,,
809,2023-06-13 15:15:00+00:00,,
810,2023-06-13 15:30:00+00:00,,
811,2023-06-13 15:45:00+00:00,,
812,2023-06-13 16:00:00+00:00,,
813,2023-06-13 16:15:00+00:00,,
814,2023-06-13 16:30:00+00:00,,
815,2023-06-13 16:45:00+00:00,,
816,2023-06-13 17:00:00+00:00,,
817,2023-06-13 17:15:00+00:00,,
818,2023-06-13 17:30:00+00:00,,
819,2023-06-13 17:45:00+00:00,,
820,2023-06-13 18:00:00+00:00,,
821,2023-06-13 18:15:00+00:00,,
822,2023-06-13 18:30:00+00:00,,
823,2023-06-13 18:45:00+00:00,,
824,2023-06-13 19:00:00+00:00,,
825,2023-06-13 19:15:00+00:00,,
826,2023-06-13 19:30:00+00:00,,
827,2023-06-13 19:45:00+00:00,,
828,2023-06-13 20:00:00+00:00,,
829,2023-06-13 20:15:00+00:00,,
830,2023-06-13 20:30:00+00:00,,
831,2023-06-13 20:45:00+00:00,,
832,2023-06-13 21:00:00+00:00,,
833,2023-06-13 22:00:00+00:00,,
834,2023-06-13 22:15:00+00:00,,
835,2023-06-13 22:30:00+00:00,,
836,2023-06-13 22:45:00+00:00,,
837,2023-06-13 23:00:00+00:00,end_time_checker,CLOSE 100%
838,2023-06-13 23:15:00+00:00,no_more_trades_time_checker,SKIP
839,2023-06-13 23:30:00+00:00,no_more_trades_time_checker,SKIP
840,2023-06-13 23:45:00+00:00,no_more_trades_time_checker,SKIP
